{"value": 0.15858261885872812, "params": {"alpha": 2.1334334440470304, "epsilon": 65.11555949746335, "fit_intercept": true, "max_iter": 100, "tol": 1e-05, "warm_start": false}}