{"value": 0.3633788852241109, "params": {"alpha": 0.6059394697249552, "epsilon": 4.3185177509010755, "fit_intercept": true, "max_iter": 100, "tol": 1e-05, "warm_start": false}}