{"value": 0.2036783804430863, "params": {"alpha": 1.571705815306743, "epsilon": 7.896425668326482, "fit_intercept": true, "max_iter": 100, "tol": 1e-05, "warm_start": false}}